<?xml version="1.0" encoding="UTF-8"?>
<project-private xmlns="http://www.netbeans.org/ns/project-private/1">
    <editor-bookmarks xmlns="http://www.netbeans.org/ns/editor-bookmarks/2" lastBookmarkId="0"/>
    <open-files xmlns="http://www.netbeans.org/ns/projectui-open-files/2">
        <group>
            <file>file:/C:/Users/User/Documents/AMIT3094-GUI/amitass/web/Header.jsp</file>
            <file>file:/C:/Users/User/Documents/AMIT3094-GUI/amitass/web/Footer.jsp</file>
            <file>file:/C:/Users/User/Documents/AMIT3094-GUI/amitass/web/about.jsp</file>
            <file>file:/C:/Users/User/Documents/AMIT3094-GUI/amitass/web/product.jsp</file>
            <file>file:/C:/Users/User/Documents/AMIT3094-GUI/amitass/web/SuccessfulSignUp.jsp</file>
            <file>file:/C:/Users/User/Documents/AMIT3094-GUI/amitass/web/contact.jsp</file>
            <file>file:/C:/Users/User/Documents/AMIT3094-GUI/amitass/web/product-single.jsp</file>
            <file>file:/C:/Users/User/Documents/AMIT3094-GUI/amitass/web/index.jsp</file>
        </group>
    </open-files>
</project-private>
